{"generations": [{"population": [[256.0, 0.0, 309.0, 53.0, 0.6949668825961136, 453.0, 153.0, 253.0], [256.0, 0.0, 309.0, 53.0, 153.0, 0.8749067378322231, 153.0, 253.0], [0.014446131560494346, 0.0, 309.0, 53.0, 153.0, 453.0, 153.0, 253.0], [256.0, 0.0, 309.0, 53.0, 153.0, 453.0, 153.0, 253.0], [256.0, 0.0, 309.0, 53.0, 153.0, 453.0, 153.0, 0.5204858391029986], [256.0, 0.0, 309.0, 53.0, 0.9468849827282295, 453.0, 153.0, 253.0], [256.0, 0.0, 309.0, 53.0, 153.0, 453.0, 153.0, 253.0], [0.047075402880560335, 0.0, 0.8861657352959246, 53.0, 153.0, 453.0, 153.0, 253.0], [256.0, 0.0, 309.0, 53.0, 0.9016971511362619, 453.0, 153.0, 253.0], [0.22988783202654228, 0.0, 309.0, 53.0, 153.0, 453.0, 153.0, 253.0], [256.0, 0.3825147995177298, 309.0, 53.0, 153.0, 0.49058625945363366, 153.0, 0.8192781241283064]], "fitness": [27.99, -5.0, 33.73, 27.84, 33.95, 33.6, 38.65, 34.73, 39.21, 31.95, -5.0]}, {"population": [[256.0, 0.0, 309.0, 53.0, 153.0, 453.0, 153.0, 253.0], [0.047075402880560335, 0.562165774771516, 0.5942335940484859, 53.0, 153.0, 0.9798787343778051, 153.0, 253.0], [0.047075402880560335, 0.0, 0.6881181897318979, 0.3059980539526729, 153.0, 0.17194033385169805, 153.0, 0.8192781241283064], [256.0, 0.3825147995177298, 309.0, 53.0, 153.0, 453.0, 153.0, 253.0], [256.0, 0.0, 309.0, 53.0, 0.6949668825961136, 453.0, 153.0, 253.0], [0.014446131560494346, 0.0, 309.0, 53.0, 153.0, 453.0, 153.0, 253.0], [0.5586967198156657, 0.0, 309.0, 53.0, 153.0, 453.0, 153.0, 0.08313302221550767], [0.22988783202654228, 0.0, 309.0, 53.0, 153.0, 0.8749067378322231, 153.0, 253.0], [256.0, 0.3867469491443918, 309.0, 53.0, 153.0, 0.49058625945363366, 0.970991069755333, 253.0], [256.0, 0.0, 309.0, 53.0, 0.9016971511362619, 453.0, 153.0, 0.8192781241283064]], "fitness": [36.23, -5.0, -5.0, 31.43, 28.23, 29.29, 33.17, -5.0, -5.0, 31.7]}, {"population": [[256.0, 0.3867469491443918, 309.0, 53.0, 0.3885662662279761, 0.49058625945363366, 0.970991069755333, 253.0], [0.22988783202654228, 0.0, 309.0, 53.0, 153.0, 0.8749067378322231, 153.0, 253.0], [0.7226373462820395, 0.562165774771516, 309.0, 53.0, 153.0, 0.49058625945363366, 0.970991069755333, 253.0], [256.0, 0.3867469491443918, 0.5942335940484859, 53.0, 0.0501241285111248, 0.9798787343778051, 0.1965768999181431, 0.8347560474371424], [0.014446131560494346, 0.0, 309.0, 53.0, 0.9016971511362619, 453.0, 153.0, 0.8192781241283064], [256.0, 0.0, 309.0, 53.0, 153.0, 453.0, 153.0, 0.8832899193731703], [0.18917592784042425, 0.0, 309.0, 53.0, 153.0, 453.0, 0.9143446648066816, 0.18448436408909008], [0.22988783202654228, 0.0, 309.0, 53.0, 153.0, 0.8749067378322231, 153.0, 0.8192781241283064], [0.047075402880560335, 0.0, 0.6881181897318979, 0.3059980539526729, 153.0, 0.17194033385169805, 153.0, 253.0], [256.0, 0.0, 309.0, 53.0, 153.0, 453.0, 153.0, 253.0], [256.0, 0.3867469491443918, 309.0, 53.0, 153.0, 0.49058625945363366, 0.970991069755333, 0.26849033017430135]], "fitness": [-5.0, -5.0, -5.0, -5.0, 33.56, 35.53, 38.77, -5.0, -5.0, 32.63, -5.0]}, {"population": [[0.22988783202654228, 0.0, 309.0, 53.0, 153.0, 0.49058625945363366, 0.970991069755333, 253.0], [256.0, 0.31983737281595137, 309.0, 53.0, 0.8779181081512396, 0.8749067378322231, 0.1825589392971798, 0.8192781241283064], [256.0, 0.3867469491443918, 309.0, 0.1759371356222722, 0.3885662662279761, 0.49058625945363366, 0.1548765737371003, 0.8347560474371424], [256.0, 0.3867469491443918, 0.5942335940484859, 53.0, 0.0501241285111248, 0.9798787343778051, 0.5055452506815175, 253.0], [0.7226373462820395, 0.562165774771516, 309.0, 53.0, 153.0, 0.49058625945363366, 0.970991069755333, 253.0], [256.0, 0.0, 0.6881181897318979, 0.3059980539526729, 153.0, 0.17194033385169805, 153.0, 253.0], [0.047075402880560335, 0.3867469491443918, 309.0, 53.0, 153.0, 0.49058625945363366, 0.970991069755333, 0.7280160312454276], [256.0, 0.3867469491443918, 309.0, 53.0, 153.0, 0.8749067378322231, 153.0, 0.8192781241283064], [0.22988783202654228, 0.23382780694017802, 309.0, 53.0, 153.0, 0.49058625945363366, 0.970991069755333, 0.26849033017430135], [0.22988783202654228, 0.0, 309.0, 53.0, 153.0, 0.8749067378322231, 153.0, 0.8192781241283064]], "fitness": [-5.0, -5.0, -5.0, -5.0, -5.0, -5.0, -5.0, -5.0, -5.0, -5.0]}, {"population": [[256.0, 0.3867469491443918, 309.0, 53.0, 153.0, 0.49058625945363366, 0.970991069755333, 0.5557536279819992], [0.22988783202654228, 0.022227591507807287, 309.0, 53.0, 153.0, 0.8749067378322231, 153.0, 0.8192781241283064], [256.0, 0.0, 0.5942335940484859, 53.0, 0.0501241285111248, 0.9798787343778051, 0.5055452506815175, 253.0], [256.0, 0.3867469491443918, 0.17498172906073195, 0.3059980539526729, 153.0, 0.17194033385169805, 153.0, 253.0], [0.22988783202654228, 0.23382780694017802, 309.0, 53.0, 153.0, 0.49058625945363366, 0.1548765737371003, 0.8347560474371424], [256.0, 0.3867469491443918, 309.0, 0.1759371356222722, 0.3885662662279761, 0.49058625945363366, 0.970991069755333, 0.26849033017430135], [0.7226373462820395, 0.562165774771516, 309.0, 53.0, 153.0, 0.49058625945363366, 0.970991069755333, 0.7280160312454276], [0.047075402880560335, 0.3867469491443918, 309.0, 53.0, 153.0, 0.49058625945363366, 0.970991069755333, 253.0], [256.0, 0.3867469491443918, 309.0, 53.0, 0.2807121220589842, 0.8749067378322231, 153.0, 0.8192781241283064], [256.0, 0.3867469491443918, 0.5942335940484859, 53.0, 0.0501241285111248, 0.9798787343778051, 0.5055452506815175, 253.0]], "fitness": [-5.0, -5.0, -5.0, -5.0, -5.0, -5.0, -5.0, -5.0, -5.0, -5.0]}, {"population": [[256.0, 0.3867469491443918, 0.5942335940484859, 53.0, 0.0501241285111248, 0.9798787343778051, 0.5055452506815175, 253.0], [256.0, 0.3867469491443918, 309.0, 53.0, 153.0, 0.49058625945363366, 0.970991069755333, 0.5557536279819992], [256.0, 0.0, 0.042571598673399325, 53.0, 0.3885662662279761, 0.49058625945363366, 0.970991069755333, 0.9430867609940586], [256.0, 0.3867469491443918, 309.0, 0.7303510709177948, 0.0501241285111248, 0.9798787343778051, 0.2643394230139341, 253.0], [0.22988783202654228, 0.022227591507807287, 309.0, 0.873975215911426, 153.0, 0.8749067378322231, 153.0, 0.26849033017430135], [256.0, 0.3867469491443918, 309.0, 0.1759371356222722, 0.3885662662279761, 0.49058625945363366, 0.970991069755333, 0.8192781241283064], [0.7226373462820395, 0.562165774771516, 0.254906364311129, 53.0, 0.9780438913929053, 0.17194033385169805, 153.0, 253.0], [256.0, 0.3867469491443918, 0.6418619882456685, 0.3059980539526729, 153.0, 0.5645143478562477, 0.970991069755333, 0.7280160312454276], [256.0, 0.23382780694017802, 309.0, 0.24335394568914737, 153.0, 0.49058625945363366, 0.1548765737371003, 0.8347560474371424], [0.22988783202654228, 0.6436844090614897, 309.0, 53.0, 0.2807121220589842, 0.8749067378322231, 153.0, 0.8192781241283064]],